run,page_size,version,sql_queries,latency_ms
1,10,naive,13,30.61
2,10,naive,13,23.4
3,10,naive,13,21.07
4,10,naive,13,25.29
5,10,naive,13,21.43
6,10,naive,13,23.17
7,10,naive,13,20.95
8,10,naive,13,24.37
9,10,naive,13,23.17
10,10,naive,13,23.51
11,10,naive,13,22.26
12,10,naive,13,23.53
13,10,naive,13,21.7
14,10,naive,13,20.98
15,10,naive,13,23.53
16,10,naive,13,22.27
17,10,naive,13,21.12
18,10,naive,13,22.34
19,10,naive,13,20.73
20,10,naive,13,22.12
21,10,naive,13,40.17
22,10,naive,13,27.0
23,10,naive,13,31.7
24,10,naive,13,20.35
25,10,naive,13,20.42
26,10,naive,13,26.09
27,10,naive,13,20.46
28,10,naive,13,23.36
29,10,naive,13,19.64
30,10,naive,13,19.84
1,50,naive,53,66.01
2,50,naive,53,61.95
3,50,naive,53,71.53
4,50,naive,53,62.74
5,50,naive,53,66.25
6,50,naive,53,62.63
7,50,naive,53,62.84
8,50,naive,53,62.85
9,50,naive,53,62.04
10,50,naive,53,69.07
11,50,naive,53,62.15
12,50,naive,53,61.31
13,50,naive,53,61.3
14,50,naive,53,62.39
15,50,naive,53,64.63
16,50,naive,53,62.56
17,50,naive,53,63.04
18,50,naive,53,62.27
19,50,naive,53,61.44
20,50,naive,53,63.66
21,50,naive,53,62.78
22,50,naive,53,61.11
23,50,naive,53,60.94
24,50,naive,53,62.79
25,50,naive,53,62.92
26,50,naive,53,63.31
27,50,naive,53,62.42
28,50,naive,53,62.8
29,50,naive,53,60.7
30,50,naive,53,61.45
1,200,naive,203,224.09
2,200,naive,203,214.85
3,200,naive,203,215.0
4,200,naive,203,218.1
5,200,naive,203,231.41
6,200,naive,203,243.37
7,200,naive,203,215.02
8,200,naive,203,218.21
9,200,naive,203,324.75
10,200,naive,203,219.1
11,200,naive,203,213.38
12,200,naive,203,245.66
13,200,naive,203,353.14
14,200,naive,203,1380.03
15,200,naive,203,619.96
16,200,naive,203,605.11
17,200,naive,203,628.69
18,200,naive,203,609.65
19,200,naive,203,753.88
20,200,naive,203,824.22
21,200,naive,203,1082.84
22,200,naive,203,1034.1
23,200,naive,203,878.18
24,200,naive,203,620.4
25,200,naive,203,533.56
26,200,naive,203,532.11
27,200,naive,203,512.82
28,200,naive,203,516.34
29,200,naive,203,558.21
30,200,naive,203,558.81
1,10,fixed,4,30.91
2,10,fixed,4,25.25
3,10,fixed,4,27.31
4,10,fixed,4,25.24
5,10,fixed,4,25.01
6,10,fixed,4,25.85
7,10,fixed,4,25.79
8,10,fixed,4,25.84
9,10,fixed,4,29.23
10,10,fixed,4,33.22
11,10,fixed,4,44.43
12,10,fixed,4,55.41
13,10,fixed,4,32.09
14,10,fixed,4,35.12
15,10,fixed,4,73.01
16,10,fixed,4,67.93
17,10,fixed,4,47.36
18,10,fixed,4,43.97
19,10,fixed,4,37.32
20,10,fixed,4,31.98
21,10,fixed,4,33.56
22,10,fixed,4,37.2
23,10,fixed,4,42.47
24,10,fixed,4,44.57
25,10,fixed,4,42.04
26,10,fixed,4,38.64
27,10,fixed,4,38.79
28,10,fixed,4,35.02
29,10,fixed,4,34.16
30,10,fixed,4,56.89
1,50,fixed,4,45.72
2,50,fixed,4,45.91
3,50,fixed,4,48.24
4,50,fixed,4,42.08
5,50,fixed,4,38.05
6,50,fixed,4,38.29
7,50,fixed,4,39.64
8,50,fixed,4,31.38
9,50,fixed,4,31.59
10,50,fixed,4,35.07
11,50,fixed,4,30.23
12,50,fixed,4,32.12
13,50,fixed,4,32.92
14,50,fixed,4,29.22
15,50,fixed,4,28.28
16,50,fixed,4,29.02
17,50,fixed,4,30.7
18,50,fixed,4,28.1
19,50,fixed,4,33.37
20,50,fixed,4,87.44
21,50,fixed,4,50.84
22,50,fixed,4,54.9
23,50,fixed,4,38.77
24,50,fixed,4,38.02
25,50,fixed,4,31.52
26,50,fixed,4,27.27
27,50,fixed,4,31.35
28,50,fixed,4,28.94
29,50,fixed,4,26.95
30,50,fixed,4,32.14
1,200,fixed,4,54.39
2,200,fixed,4,42.57
3,200,fixed,4,44.64
4,200,fixed,4,40.16
5,200,fixed,4,35.58
6,200,fixed,4,36.39
7,200,fixed,4,33.87
8,200,fixed,4,37.05
9,200,fixed,4,37.66
10,200,fixed,4,41.56
11,200,fixed,4,44.39
12,200,fixed,4,44.26
13,200,fixed,4,45.72
14,200,fixed,4,42.44
15,200,fixed,4,44.12
16,200,fixed,4,47.61
17,200,fixed,4,46.32
18,200,fixed,4,47.42
19,200,fixed,4,43.11
20,200,fixed,4,115.55
21,200,fixed,4,42.35
22,200,fixed,4,43.09
23,200,fixed,4,47.5
24,200,fixed,4,45.77
25,200,fixed,4,47.26
26,200,fixed,4,45.78
27,200,fixed,4,42.65
28,200,fixed,4,40.49
29,200,fixed,4,43.41
30,200,fixed,4,42.88
